Workbook

Sheet Read me
A1: Penrose · Player Research Workbook (#28)
A2: Kit: docs/01-player-research/ (README, interview guide, survey).
A4: How to use
A5: 1. Recruitment: track who you contact (IDs only; no names stored here).
A6: 2. Interview log: one row per interview, logged within 24 h. Tag each assumption A1–A9 as Supports / Contradicts / blank.
A7: 3. Survey responses: Microsoft Forms → Responses → Open in Excel → paste rows here (columns match survey IDs S1–S17).
A8: 4. Survey summary: calculates automatically from Survey responses.
A9: 5. Assumptions: counts interview evidence and shows the survey signal; suggests a status. Set the Final status yourself.
A11: Ethics
A12: Participants are 18+. Never record eating-disorder or self-harm history, weights, sizes or procedures. Delete contact details when research is done.

Sheet Recruitment
A1: Participant ID | B1: Persona group | C1: Recruited from | D1: Contacted on | E1: Consent (Y/N) | F1: Interview date | G1: Status | H1: Notes
A2: P01
A3: P02
A4: P03
A5: P04
A6: P05
A7: P06
A8: P07
A9: P08
A10: P09
A11: P10
A12: P11
A13: P12
... A17: P16

Sheet Interview log
A1: Participant ID | B1: Date | C1: Persona group | D1: Last story game finished | E1: How they found it | F1: Why they bought it | G1: Replayed? How | H1: Horror boundaries / settings | I1: Culture notes | J1: Quiz guess (exact words) | K1: Concept reaction | L1: Best quotes | M1: A1 | N1: A2 | O1: A3 | P1: A4 | Q1: A5 | R1: A6 | S1: A7 | T1: A8 | U1: A9 | V1: Follow-ups
A2: P01
A3: P02
A4: P03
A5: P04
A6: P05
A7: P06
A8: P07
A9: P08
A10: P09
A11: P10
A12: P11
A13: P12
... A17: P16

Sheet Survey responses
A1: Response ID | B1: S1 Age | C1: S2 Region | D1: S3 Gender | E1: S4 Hours/week | F1: S5 Platforms | G1: S6 Games played | H1: S7 How they find games | I1: S8 Why they bought the last one | J1: S9 Free version → bought | K1: S10 Last price | L1: S11 Replay for endings | M1: S12 Control how graphic | N1: S13 Interest in theme | O1: S14 Culture not over-explained | P1: S15 Quiz guess | Q1: S16 Appearance pressure | R1: S17 Contact (delete after research)

Sheet Survey summary
A1: Measure | B1: Value | C1: Notes
A2: Responses (n) | B2: =COUNTA('Survey responses'!A2:A2000) | C2: Rows with a Response ID
A3: A1 · Agree they replay for endings (% agree) | B3: =IFERROR((COUNTIF('Survey responses'!L2:L2000,"Agree")+COUNTIF('Survey responses'!L2:L2000,"Strongly agree"))/COUNTA('Survey responses'!L2:L2000),"") | C3: S11: Agree + Strongly agree ÷ answers
A4: A5 · Agree they like controlling how graphic (% agree) | B4: =IFERROR((COUNTIF('Survey responses'!M2:M2000,"Agree")+COUNTIF('Survey responses'!M2:M2000,"Strongly agree"))/COUNTA('Survey responses'!M2:M2000),"") | C4: S12: Agree + Strongly agree ÷ answers
A5: A3 · Agree they're interested in the theme (% agree) | B5: =IFERROR((COUNTIF('Survey responses'!N2:N2000,"Agree")+COUNTIF('Survey responses'!N2:N2000,"Strongly agree"))/COUNTA('Survey responses'!N2:N2000),"") | C5: S13: Agree + Strongly agree ÷ answers
A6: A6 · Agree culture shouldn't be over-explained (% agree) | B6: =IFERROR((COUNTIF('Survey responses'!O2:O2000,"Agree")+COUNTIF('Survey responses'!O2:O2000,"Strongly agree"))/COUNTA('Survey responses'!O2:O2000),"") | C6: S14: Agree + Strongly agree ÷ answers
A7: A4 · Played a free version, then bought (% yes) | B7: =IFERROR(COUNTIF('Survey responses'!J2:J2000,"Yes")/COUNTA('Survey responses'!J2:J2000),"") | C7: S9
A8: A7 · Last story game cost $10–14.99 (% of answers) | B8: =IFERROR(COUNTIF('Survey responses'!K2:K2000,"$10–14.99")/COUNTA('Survey responses'!K2:K2000),"") | C8: S10
A9: A9 · Find games through YouTube Let's Plays (%) | B9: =IFERROR(COUNTIF('Survey responses'!H2:H2000,"*YouTube Let*")/COUNTA('Survey responses'!A2:A2000),"") | C9: S7 (multiple answers)
A10: A9 · Find games through Twitch (%) | B10: =IFERROR(COUNTIF('Survey responses'!H2:H2000,"*Twitch*")/COUNTA('Survey responses'!A2:A2000),"") | C10: S7
A11: A4 · Find games through itch.io (%) | B11: =IFERROR(COUNTIF('Survey responses'!H2:H2000,"*itch.io*")/COUNTA('Survey responses'!A2:A2000),"") | C11: S7
A12: A8 · Men reporting muscle or strength pressure (%) | B12: =IFERROR(COUNTIFS('Survey responses'!D2:D2000,"Man",'Survey responses'!Q2:Q2000,"*Muscle*")/COUNTIF('Survey responses'!D2:D2000,"Man"),"") | C12: S3 × S16
A13: A2 · Quiz guesses to code by hand | C13: Read S15 and count guesses that mention approval, family/friends/work or social media

Sheet Assumptions
A1: # | B1: Assumption | C1: Personas | D1: Interview: supports | E1: Interview: contradicts | F1: Survey signal | G1: Suggested status | H1: Final status | I1: Decision / what changes
A2: A1 | B2: Narrative-horror fans replay for other endings | C2: P1 | D2: =COUNTIF('Interview log'!M2:M200,"Supports") | E2: =COUNTIF('Interview log'!M2:M200,"Contradicts") | F2: ='Survey summary'!B3 | G2: =IF(D2+E2=0,"Not tested",IF(AND(D2>=3,D2>=2*E2),"Likely true",IF(E2>D2,"Likely false","Unclear")))
A3: A2 | B3: Players don't guess what the quiz measures | C3: P1, P2 | D3: =COUNTIF('Interview log'!N2:N200,"Supports") | E3: =COUNTIF('Interview log'!N2:N200,"Contradicts") | F3: Code S15 by hand | G3: =IF(D3+E3=0,"Not tested",IF(AND(D3>=3,D3>=2*E3),"Likely true",IF(E3>D3,"Likely false","Unclear")))
A4: A3 | B4: Dress-up and cute-horror fans would play a game about beauty standards if it doesn't mock them | C4: P2 | D4: =COUNTIF('Interview log'!O2:O200,"Supports") | E4: =COUNTIF('Interview log'!O2:O200,"Contradicts") | F4: ='Survey summary'!B5 | G4: =IF(D4+E4=0,"Not tested",IF(AND(D4>=3,D4>=2*E4),"Likely true",IF(E4>D4,"Likely false","Unclear")))
A5: A4 | B5: A free itch.io slice leads to Steam wishlists | C5: P2 | D5: =COUNTIF('Interview log'!P2:P200,"Supports") | E5: =COUNTIF('Interview log'!P2:P200,"Contradicts") | F5: ='Survey summary'!B7 | G5: =IF(D5+E5=0,"Not tested",IF(AND(D5>=3,D5>=2*E5),"Likely true",IF(E5>D5,"Likely false","Unclear")))
A6: A5 | B6: Players with lived experience will play if they control intensity | C6: P3 | D6: =COUNTIF('Interview log'!Q2:Q200,"Supports") | E6: =COUNTIF('Interview log'!Q2:Q200,"Contradicts") | F6: ='Survey summary'!B4 | G6: =IF(D6+E6=0,"Not tested",IF(AND(D6>=3,D6>=2*E6),"Likely true",IF(E6>D6,"Likely false","Unclear")))
A7: A6 | B7: Korean cultural detail interests international players | C7: All | D7: =COUNTIF('Interview log'!R2:R200,"Supports") | E7: =COUNTIF('Interview log'!R2:R200,"Contradicts") | F7: ='Survey summary'!B6 | G7: =IF(D7+E7=0,"Not tested",IF(AND(D7>=3,D7>=2*E7),"Likely true",IF(E7>D7,"Likely false","Unclear")))
A8: A7 | B8: $9.99–$14.99 for 2–4 h feels fair | C8: All | D8: =COUNTIF('Interview log'!S2:S200,"Supports") | E8: =COUNTIF('Interview log'!S2:S200,"Contradicts") | F8: ='Survey summary'!B8 | G8: =IF(D8+E8=0,"Not tested",IF(AND(D8>=3,D8>=2*E8),"Likely true",IF(E8>D8,"Likely false","Unclear")))
A9: A8 | B9: Male players relate to the Stronger path | C9: P1 | D9: =COUNTIF('Interview log'!T2:T200,"Supports") | E9: =COUNTIF('Interview log'!T2:T200,"Contradicts") | F9: ='Survey summary'!B12 | G9: =IF(D9+E9=0,"Not tested",IF(AND(D9>=3,D9>=2*E9),"Likely true",IF(E9>D9,"Likely false","Unclear")))
A10: A9 | B10: Creators cover games about body image if monetization-safe | C10: C1 | D10: =COUNTIF('Interview log'!U2:U200,"Supports") | E10: =COUNTIF('Interview log'!U2:U200,"Contradicts") | F10: ='Survey summary'!B9 | G10: =IF(D10+E10=0,"Not tested",IF(AND(D10>=3,D10>=2*E10),"Likely true",IF(E10>D10,"Likely false","Unclear")))
